index,text,image,group,group_match,text_status,image_status,group_status,group_match_status,group_match_margin,id,tag
0,0.0,0.0,0.0,1.0,incorrecto,incorrecto,incorrecto,correcto,0.009478002786636353,0,Relation
1,0.0,0.0,0.0,0.0,incorrecto,incorrecto,incorrecto,incorrecto,-0.009205877780914307,1,Relation
2,1.0,0.0,0.0,1.0,correcto,incorrecto,incorrecto,correcto,0.0062379539012908936,2,Relation
3,0.0,0.0,0.0,1.0,incorrecto,incorrecto,incorrecto,correcto,0.05200417339801788,3,Object
4,0.0,0.0,0.0,0.0,incorrecto,incorrecto,incorrecto,incorrecto,-0.001965731382369995,4,Relation
5,0.0,1.0,0.0,1.0,incorrecto,correcto,incorrecto,correcto,0.011289358139038086,5,Object
6,0.0,0.0,0.0,1.0,incorrecto,incorrecto,incorrecto,correcto,0.0023196041584014893,6,Object
7,1.0,1.0,1.0,1.0,correcto,correcto,correcto,correcto,0.02131757140159607,7,Object
8,1.0,0.0,0.0,1.0,correcto,incorrecto,incorrecto,correcto,0.037887781858444214,8,Object
9,1.0,0.0,0.0,1.0,correcto,incorrecto,incorrecto,correcto,0.05247688293457031,9,Object
10,0.0,0.0,0.0,1.0,incorrecto,incorrecto,incorrecto,correcto,0.0004519522190093994,10,Object
11,1.0,0.0,0.0,1.0,correcto,incorrecto,incorrecto,correcto,0.02494928240776062,11,Object
12,0.0,0.0,0.0,0.0,incorrecto,incorrecto,incorrecto,incorrecto,-0.009933948516845703,12,Object
13,0.0,0.0,0.0,0.0,incorrecto,incorrecto,incorrecto,incorrecto,-0.007865071296691895,13,Object
14,0.0,0.0,0.0,1.0,incorrecto,incorrecto,incorrecto,correcto,0.023645788431167603,14,Object
15,1.0,0.0,0.0,1.0,correcto,incorrecto,incorrecto,correcto,0.009773850440979004,15,Object
16,0.0,0.0,0.0,0.0,incorrecto,incorrecto,incorrecto,incorrecto,-0.00933694839477539,16,Object
17,1.0,0.0,0.0,1.0,correcto,incorrecto,incorrecto,correcto,0.0036062300205230713,17,Object
18,0.0,0.0,0.0,1.0,incorrecto,incorrecto,incorrecto,correcto,0.0010234266519546509,18,Object
19,1.0,1.0,1.0,1.0,correcto,correcto,correcto,correcto,0.006140530109405518,19,Object
20,0.0,0.0,0.0,0.0,incorrecto,incorrecto,incorrecto,incorrecto,-0.005354851484298706,20,Relation
21,0.0,0.0,0.0,1.0,incorrecto,incorrecto,incorrecto,correcto,0.001473069190979004,21,Relation
22,0.0,0.0,0.0,0.0,incorrecto,incorrecto,incorrecto,incorrecto,-0.0012035965919494629,22,Relation
23,0.0,0.0,0.0,0.0,incorrecto,incorrecto,incorrecto,incorrecto,-0.00655016303062439,23,Relation
24,1.0,0.0,0.0,1.0,correcto,incorrecto,incorrecto,correcto,0.00646914541721344,24,Relation
25,0.0,0.0,0.0,1.0,incorrecto,incorrecto,incorrecto,correcto,0.013158336281776428,25,Relation
26,0.0,0.0,0.0,1.0,incorrecto,incorrecto,incorrecto,correcto,0.0006532967090606689,26,Relation
27,0.0,1.0,0.0,1.0,incorrecto,correcto,incorrecto,correcto,0.010754942893981934,27,Relation
28,0.0,0.0,0.0,0.0,incorrecto,incorrecto,incorrecto,incorrecto,-0.007170289754867554,28,Relation
29,1.0,1.0,1.0,1.0,correcto,correcto,correcto,correcto,0.12850424647331238,29,Relation
30,1.0,0.0,0.0,1.0,correcto,incorrecto,incorrecto,correcto,0.03129780292510986,30,Relation
31,0.0,0.0,0.0,0.0,incorrecto,incorrecto,incorrecto,incorrecto,-0.0008609592914581299,31,Relation
32,1.0,0.0,0.0,1.0,correcto,incorrecto,incorrecto,correcto,0.010206431150436401,32,Relation
33,1.0,0.0,0.0,1.0,correcto,incorrecto,incorrecto,correcto,0.040055274963378906,33,Relation
34,0.0,0.0,0.0,1.0,incorrecto,incorrecto,incorrecto,correcto,0.006979942321777344,34,Relation
35,0.0,0.0,0.0,0.0,incorrecto,incorrecto,incorrecto,incorrecto,-0.005413949489593506,35,Relation
36,1.0,0.0,0.0,1.0,correcto,incorrecto,incorrecto,correcto,0.01088610291481018,36,Relation
37,1.0,0.0,0.0,1.0,correcto,incorrecto,incorrecto,correcto,0.017717838287353516,37,Relation
38,0.0,0.0,0.0,1.0,incorrecto,incorrecto,incorrecto,correcto,0.007381543517112732,38,Relation
39,0.0,0.0,0.0,0.0,incorrecto,incorrecto,incorrecto,incorrecto,-0.0272274911403656,39,Relation
40,1.0,0.0,0.0,1.0,correcto,incorrecto,incorrecto,correcto,0.0033199042081832886,40,Relation
41,0.0,0.0,0.0,0.0,incorrecto,incorrecto,incorrecto,incorrecto,-0.0006995797157287598,41,Relation
42,1.0,0.0,0.0,1.0,correcto,incorrecto,incorrecto,correcto,0.006385937333106995,42,Relation
43,0.0,0.0,0.0,0.0,incorrecto,incorrecto,incorrecto,incorrecto,-0.002340644598007202,43,Relation
44,0.0,0.0,0.0,0.0,incorrecto,incorrecto,incorrecto,incorrecto,-0.0033432841300964355,44,Relation
45,1.0,1.0,1.0,1.0,correcto,correcto,correcto,correcto,0.1634645164012909,45,Relation
46,0.0,0.0,0.0,0.0,incorrecto,incorrecto,incorrecto,incorrecto,-0.009750857949256897,46,Relation
47,0.0,0.0,0.0,0.0,incorrecto,incorrecto,incorrecto,incorrecto,-0.0035239756107330322,47,Relation
48,0.0,0.0,0.0,0.0,incorrecto,incorrecto,incorrecto,incorrecto,-0.0027830153703689575,48,Relation
49,1.0,0.0,0.0,1.0,correcto,incorrecto,incorrecto,correcto,0.005646049976348877,49,Object
50,0.0,1.0,0.0,1.0,incorrecto,correcto,incorrecto,correcto,0.00011807680130004883,50,Relation
51,0.0,0.0,0.0,1.0,incorrecto,incorrecto,incorrecto,correcto,0.03058740496635437,51,Relation
52,1.0,0.0,0.0,1.0,correcto,incorrecto,incorrecto,correcto,0.03033071756362915,52,Relation
53,0.0,0.0,0.0,1.0,incorrecto,incorrecto,incorrecto,correcto,0.007282435894012451,53,Relation
54,0.0,0.0,0.0,1.0,incorrecto,incorrecto,incorrecto,correcto,0.007479608058929443,54,Relation
55,1.0,1.0,1.0,1.0,correcto,correcto,correcto,correcto,0.00976322591304779,55,Relation
56,0.0,0.0,0.0,0.0,incorrecto,incorrecto,incorrecto,incorrecto,-0.0020034611225128174,56,Relation
57,0.0,0.0,0.0,0.0,incorrecto,incorrecto,incorrecto,incorrecto,-0.0022348910570144653,57,Relation
58,0.0,0.0,0.0,1.0,incorrecto,incorrecto,incorrecto,correcto,0.005456134676933289,58,Relation
59,0.0,0.0,0.0,0.0,incorrecto,incorrecto,incorrecto,incorrecto,-0.0020162761211395264,59,Relation
60,0.0,0.0,0.0,0.0,incorrecto,incorrecto,incorrecto,incorrecto,-0.00018571317195892334,60,Relation
61,1.0,0.0,0.0,1.0,correcto,incorrecto,incorrecto,correcto,0.012360736727714539,61,Relation
62,0.0,0.0,0.0,0.0,incorrecto,incorrecto,incorrecto,incorrecto,-0.010156527161598206,62,Relation
63,0.0,0.0,0.0,1.0,incorrecto,incorrecto,incorrecto,correcto,0.0003769993782043457,63,Relation
64,0.0,0.0,0.0,0.0,incorrecto,incorrecto,incorrecto,incorrecto,-0.004832997918128967,64,Relation
65,0.0,0.0,0.0,0.0,incorrecto,incorrecto,incorrecto,incorrecto,-0.008219704031944275,65,Relation
66,0.0,0.0,0.0,0.0,incorrecto,incorrecto,incorrecto,incorrecto,-0.005660876631736755,66,Relation
67,0.0,0.0,0.0,1.0,incorrecto,incorrecto,incorrecto,correcto,0.0005729943513870239,67,Relation
68,0.0,0.0,0.0,1.0,incorrecto,incorrecto,incorrecto,correcto,0.009044215083122253,68,Object
69,1.0,0.0,0.0,1.0,correcto,incorrecto,incorrecto,correcto,0.013554856181144714,69,Object
70,0.0,0.0,0.0,0.0,incorrecto,incorrecto,incorrecto,incorrecto,-0.0006029456853866577,70,Relation
71,1.0,0.0,0.0,1.0,correcto,incorrecto,incorrecto,correcto,0.012074634432792664,71,Relation
72,1.0,1.0,1.0,1.0,correcto,correcto,correcto,correcto,0.11637404561042786,72,Object
73,1.0,1.0,1.0,1.0,correcto,correcto,correcto,correcto,0.1708238571882248,73,Both
74,1.0,1.0,1.0,1.0,correcto,correcto,correcto,correcto,0.17280824482440948,74,Both
75,0.0,0.0,0.0,0.0,incorrecto,incorrecto,incorrecto,incorrecto,-0.0024626851081848145,75,Relation
76,0.0,0.0,0.0,1.0,incorrecto,incorrecto,incorrecto,correcto,0.0014428496360778809,76,Relation
77,0.0,0.0,0.0,0.0,incorrecto,incorrecto,incorrecto,incorrecto,-0.01406852900981903,77,Relation
78,0.0,0.0,0.0,0.0,incorrecto,incorrecto,incorrecto,incorrecto,-0.03518021106719971,78,Relation
79,1.0,0.0,0.0,1.0,correcto,incorrecto,incorrecto,correcto,0.013528496026992798,79,Relation
80,0.0,0.0,0.0,1.0,incorrecto,incorrecto,incorrecto,correcto,0.002123028039932251,80,Object
81,0.0,0.0,0.0,0.0,incorrecto,incorrecto,incorrecto,incorrecto,-0.022511959075927734,81,Object
82,0.0,0.0,0.0,0.0,incorrecto,incorrecto,incorrecto,incorrecto,-0.003601565957069397,82,Relation
83,0.0,0.0,0.0,1.0,incorrecto,incorrecto,incorrecto,correcto,0.0014980286359786987,83,Relation
84,0.0,0.0,0.0,0.0,incorrecto,incorrecto,incorrecto,incorrecto,-0.0011062324047088623,84,Object
85,1.0,0.0,0.0,1.0,correcto,incorrecto,incorrecto,correcto,0.002393007278442383,85,Relation
86,0.0,0.0,0.0,1.0,incorrecto,incorrecto,incorrecto,correcto,0.003630399703979492,86,Both
87,0.0,0.0,0.0,1.0,incorrecto,incorrecto,incorrecto,correcto,0.011156588792800903,87,Relation
88,1.0,1.0,1.0,1.0,correcto,correcto,correcto,correcto,0.04861724376678467,88,Object
89,0.0,0.0,0.0,0.0,incorrecto,incorrecto,incorrecto,incorrecto,-0.012271657586097717,89,Relation
90,1.0,1.0,1.0,1.0,correcto,correcto,correcto,correcto,0.08096717298030853,90,Object
91,1.0,1.0,1.0,1.0,correcto,correcto,correcto,correcto,0.14685338735580444,91,Object
92,1.0,0.0,0.0,1.0,correcto,incorrecto,incorrecto,correcto,0.005067765712738037,92,Relation
93,1.0,0.0,0.0,1.0,correcto,incorrecto,incorrecto,correcto,0.028710074722766876,93,Relation
94,0.0,0.0,0.0,0.0,incorrecto,incorrecto,incorrecto,incorrecto,-0.001132577657699585,94,Relation
95,1.0,0.0,0.0,1.0,correcto,incorrecto,incorrecto,correcto,0.04800298810005188,95,Both
96,0.0,0.0,0.0,1.0,incorrecto,incorrecto,incorrecto,correcto,0.0011863410472869873,96,Both
97,1.0,1.0,1.0,1.0,correcto,correcto,correcto,correcto,0.017342790961265564,97,Relation
98,0.0,0.0,0.0,0.0,incorrecto,incorrecto,incorrecto,incorrecto,-0.03932289779186249,98,Both
99,0.0,0.0,0.0,0.0,incorrecto,incorrecto,incorrecto,incorrecto,-0.002329200506210327,99,Relation
100,0.0,0.0,0.0,1.0,incorrecto,incorrecto,incorrecto,correcto,0.021274253726005554,100,Relation
101,1.0,0.0,0.0,1.0,correcto,incorrecto,incorrecto,correcto,0.018707334995269775,101,Relation
102,0.0,0.0,0.0,1.0,incorrecto,incorrecto,incorrecto,correcto,0.010013565421104431,102,Relation
103,1.0,0.0,0.0,1.0,correcto,incorrecto,incorrecto,correcto,0.002593398094177246,103,Relation
104,1.0,1.0,1.0,1.0,correcto,correcto,correcto,correcto,0.013713926076889038,104,Relation
105,0.0,0.0,0.0,0.0,incorrecto,incorrecto,incorrecto,incorrecto,-0.0008784830570220947,105,Relation
106,0.0,0.0,0.0,1.0,incorrecto,incorrecto,incorrecto,correcto,0.0037059932947158813,106,Relation
107,0.0,0.0,0.0,0.0,incorrecto,incorrecto,incorrecto,incorrecto,-0.008604198694229126,107,Relation
108,1.0,0.0,0.0,1.0,correcto,incorrecto,incorrecto,correcto,0.037621691823005676,108,Relation
109,1.0,0.0,0.0,1.0,correcto,incorrecto,incorrecto,correcto,0.008440300822257996,109,Relation
110,0.0,0.0,0.0,0.0,incorrecto,incorrecto,incorrecto,incorrecto,-0.0034327805042266846,110,Relation
111,0.0,0.0,0.0,0.0,incorrecto,incorrecto,incorrecto,incorrecto,-0.003295719623565674,111,Relation
112,0.0,0.0,0.0,1.0,incorrecto,incorrecto,incorrecto,correcto,0.0018121302127838135,112,Relation
113,1.0,0.0,0.0,1.0,correcto,incorrecto,incorrecto,correcto,0.04430437088012695,113,Relation
114,1.0,0.0,0.0,1.0,correcto,incorrecto,incorrecto,correcto,0.013292282819747925,114,Relation
115,1.0,1.0,1.0,1.0,correcto,correcto,correcto,correcto,0.01606401801109314,115,Relation
116,0.0,0.0,0.0,0.0,incorrecto,incorrecto,incorrecto,incorrecto,-0.013166069984436035,116,Relation
117,0.0,0.0,0.0,1.0,incorrecto,incorrecto,incorrecto,correcto,0.0008923113346099854,117,Relation
118,1.0,0.0,0.0,1.0,correcto,incorrecto,incorrecto,correcto,0.02046865224838257,118,Relation
119,0.0,0.0,0.0,1.0,incorrecto,incorrecto,incorrecto,correcto,0.001277327537536621,119,Relation
120,0.0,0.0,0.0,0.0,incorrecto,incorrecto,incorrecto,incorrecto,-0.0008192360401153564,120,Relation
121,0.0,0.0,0.0,0.0,incorrecto,incorrecto,incorrecto,incorrecto,-0.0014300942420959473,121,Relation
122,1.0,0.0,0.0,1.0,correcto,incorrecto,incorrecto,correcto,0.04035751521587372,122,Relation
123,0.0,0.0,0.0,0.0,incorrecto,incorrecto,incorrecto,incorrecto,-0.0004177391529083252,123,Relation
124,1.0,0.0,0.0,1.0,correcto,incorrecto,incorrecto,correcto,0.016130194067955017,124,Relation
125,1.0,0.0,0.0,1.0,correcto,incorrecto,incorrecto,correcto,0.0405360609292984,125,Relation
126,0.0,0.0,0.0,0.0,incorrecto,incorrecto,incorrecto,incorrecto,-0.00048744678497314453,126,Relation
127,0.0,0.0,0.0,0.0,incorrecto,incorrecto,incorrecto,incorrecto,-0.009322047233581543,127,Relation
128,0.0,0.0,0.0,1.0,incorrecto,incorrecto,incorrecto,correcto,0.0022865235805511475,128,Relation
129,0.0,0.0,0.0,0.0,incorrecto,incorrecto,incorrecto,incorrecto,-0.0002715885639190674,129,Relation
130,0.0,0.0,0.0,0.0,incorrecto,incorrecto,incorrecto,incorrecto,-0.0009605288505554199,130,Relation
131,0.0,0.0,0.0,0.0,incorrecto,incorrecto,incorrecto,incorrecto,-0.01127488911151886,131,Object
132,0.0,0.0,0.0,1.0,incorrecto,incorrecto,incorrecto,correcto,0.002677902579307556,132,Object
133,1.0,1.0,1.0,1.0,correcto,correcto,correcto,correcto,0.30796508491039276,133,Both
134,1.0,0.0,0.0,1.0,correcto,incorrecto,incorrecto,correcto,0.020001158118247986,134,Relation
135,0.0,0.0,0.0,0.0,incorrecto,incorrecto,incorrecto,incorrecto,-0.0015090107917785645,135,Relation
136,0.0,0.0,0.0,0.0,incorrecto,incorrecto,incorrecto,incorrecto,-0.002081260085105896,136,Object
137,0.0,0.0,0.0,0.0,incorrecto,incorrecto,incorrecto,incorrecto,-0.001540839672088623,137,Relation
138,0.0,0.0,0.0,0.0,incorrecto,incorrecto,incorrecto,incorrecto,-0.005292534828186035,138,Relation
139,0.0,0.0,0.0,0.0,incorrecto,incorrecto,incorrecto,incorrecto,-0.0022023916244506836,139,Relation
140,1.0,0.0,0.0,1.0,correcto,incorrecto,incorrecto,correcto,0.011731892824172974,140,Object
141,0.0,0.0,0.0,1.0,incorrecto,incorrecto,incorrecto,correcto,0.010661512613296509,141,Object
142,0.0,0.0,0.0,1.0,incorrecto,incorrecto,incorrecto,correcto,0.002723515033721924,142,Object
143,1.0,0.0,0.0,1.0,correcto,incorrecto,incorrecto,correcto,0.006948657333850861,143,Object
144,1.0,0.0,0.0,1.0,correcto,incorrecto,incorrecto,correcto,0.009162813425064087,144,Object
145,0.0,0.0,0.0,1.0,incorrecto,incorrecto,incorrecto,correcto,0.004184454679489136,145,Relation
146,0.0,0.0,0.0,1.0,incorrecto,incorrecto,incorrecto,correcto,0.009120374917984009,146,Object
147,1.0,0.0,0.0,1.0,correcto,incorrecto,incorrecto,correcto,0.028187274932861328,147,Object
148,0.0,0.0,0.0,0.0,incorrecto,incorrecto,incorrecto,incorrecto,-0.014016002416610718,148,Object
149,1.0,0.0,0.0,1.0,correcto,incorrecto,incorrecto,correcto,0.027142226696014404,149,Object
150,1.0,0.0,0.0,1.0,correcto,incorrecto,incorrecto,correcto,0.05684840679168701,150,Both
151,0.0,1.0,0.0,1.0,incorrecto,correcto,incorrecto,correcto,0.05064938962459564,151,Both
152,0.0,0.0,0.0,1.0,incorrecto,incorrecto,incorrecto,correcto,0.02727082371711731,152,Object
153,0.0,0.0,0.0,1.0,incorrecto,incorrecto,incorrecto,correcto,0.030800312757492065,153,Object
154,0.0,1.0,0.0,1.0,incorrecto,correcto,incorrecto,correcto,0.011769264936447144,154,Object
155,0.0,0.0,0.0,0.0,incorrecto,incorrecto,incorrecto,incorrecto,-0.010825544595718384,155,Object
156,0.0,0.0,0.0,0.0,incorrecto,incorrecto,incorrecto,incorrecto,-0.01371997594833374,156,Relation
157,0.0,1.0,0.0,1.0,incorrecto,correcto,incorrecto,correcto,0.0039891451597213745,157,Object
158,1.0,0.0,0.0,1.0,correcto,incorrecto,incorrecto,correcto,0.011306166648864746,158,Object
159,1.0,0.0,0.0,1.0,correcto,incorrecto,incorrecto,correcto,0.02441154420375824,159,Object
160,0.0,0.0,0.0,0.0,incorrecto,incorrecto,incorrecto,incorrecto,-0.01123046875,160,Object
161,0.0,0.0,0.0,1.0,incorrecto,incorrecto,incorrecto,correcto,0.0015311241149902344,161,Object
162,0.0,0.0,0.0,0.0,incorrecto,incorrecto,incorrecto,incorrecto,-0.016686052083969116,162,Object
163,1.0,0.0,0.0,1.0,correcto,incorrecto,incorrecto,correcto,0.016411572694778442,163,Object
164,1.0,0.0,0.0,1.0,correcto,incorrecto,incorrecto,correcto,0.021619588136672974,164,Object
165,0.0,0.0,0.0,1.0,incorrecto,incorrecto,incorrecto,correcto,0.00031110644340515137,165,Object
166,0.0,0.0,0.0,1.0,incorrecto,incorrecto,incorrecto,correcto,0.0029945671558380127,166,Object
167,1.0,0.0,0.0,1.0,correcto,incorrecto,incorrecto,correcto,0.01812770962715149,167,Object
168,0.0,0.0,0.0,1.0,incorrecto,incorrecto,incorrecto,correcto,0.010078966617584229,168,Object
169,0.0,0.0,0.0,0.0,incorrecto,incorrecto,incorrecto,incorrecto,-4.7773122787475586e-05,169,Object
170,0.0,0.0,0.0,0.0,incorrecto,incorrecto,incorrecto,incorrecto,-0.020653381943702698,170,Object
171,1.0,0.0,0.0,1.0,correcto,incorrecto,incorrecto,correcto,0.008783921599388123,171,Object
172,1.0,0.0,0.0,1.0,correcto,incorrecto,incorrecto,correcto,0.03281199932098389,172,Object
173,0.0,0.0,0.0,1.0,incorrecto,incorrecto,incorrecto,correcto,0.0121268630027771,173,Object
174,1.0,0.0,0.0,1.0,correcto,incorrecto,incorrecto,correcto,0.021562188863754272,174,Object
175,0.0,0.0,0.0,0.0,incorrecto,incorrecto,incorrecto,incorrecto,-0.011855006217956543,175,Object
176,0.0,0.0,0.0,0.0,incorrecto,incorrecto,incorrecto,incorrecto,-0.01533500850200653,176,Object
177,0.0,0.0,0.0,1.0,incorrecto,incorrecto,incorrecto,correcto,0.0002872347831726074,177,Object
178,0.0,0.0,0.0,0.0,incorrecto,incorrecto,incorrecto,incorrecto,-0.022371768951416016,178,Object
179,0.0,0.0,0.0,1.0,incorrecto,incorrecto,incorrecto,correcto,0.004816830158233643,179,Relation
180,0.0,0.0,0.0,0.0,incorrecto,incorrecto,incorrecto,incorrecto,-0.0009694397449493408,180,Relation
181,1.0,0.0,0.0,1.0,correcto,incorrecto,incorrecto,correcto,0.0053720176219940186,181,Relation
182,0.0,0.0,0.0,0.0,incorrecto,incorrecto,incorrecto,incorrecto,-0.007372930645942688,182,Relation
183,1.0,0.0,0.0,1.0,correcto,incorrecto,incorrecto,correcto,0.009708940982818604,183,Relation
184,0.0,0.0,0.0,0.0,incorrecto,incorrecto,incorrecto,incorrecto,-0.0016058683395385742,184,Relation
185,0.0,1.0,0.0,1.0,incorrecto,correcto,incorrecto,correcto,0.0033079981803894043,185,Relation
186,1.0,0.0,0.0,1.0,correcto,incorrecto,incorrecto,correcto,0.016088709235191345,186,Relation
187,1.0,0.0,0.0,1.0,correcto,incorrecto,incorrecto,correcto,0.0015661418437957764,187,Relation
188,0.0,0.0,0.0,1.0,incorrecto,incorrecto,incorrecto,correcto,0.0011376440525054932,188,Relation
189,0.0,0.0,0.0,1.0,incorrecto,incorrecto,incorrecto,correcto,0.00705362856388092,189,Relation
190,0.0,0.0,0.0,0.0,incorrecto,incorrecto,incorrecto,incorrecto,-0.00226593017578125,190,Relation
191,0.0,1.0,0.0,1.0,incorrecto,correcto,incorrecto,correcto,0.021253466606140137,191,Relation
192,0.0,0.0,0.0,0.0,incorrecto,incorrecto,incorrecto,incorrecto,-0.013887465000152588,192,Relation
193,0.0,0.0,0.0,0.0,incorrecto,incorrecto,incorrecto,incorrecto,-0.015437602996826172,193,Relation
194,0.0,0.0,0.0,0.0,incorrecto,incorrecto,incorrecto,incorrecto,-0.006128430366516113,194,Relation
195,1.0,0.0,0.0,1.0,correcto,incorrecto,incorrecto,correcto,0.029387906193733215,195,Relation
196,1.0,0.0,0.0,1.0,correcto,incorrecto,incorrecto,correcto,0.005650341510772705,196,Relation
197,0.0,0.0,0.0,0.0,incorrecto,incorrecto,incorrecto,incorrecto,-0.005436718463897705,197,Relation
198,0.0,0.0,0.0,1.0,incorrecto,incorrecto,incorrecto,correcto,0.01816457509994507,198,Relation
199,0.0,0.0,0.0,0.0,incorrecto,incorrecto,incorrecto,incorrecto,-0.0071824342012405396,199,Relation
200,0.0,0.0,0.0,1.0,incorrecto,incorrecto,incorrecto,correcto,0.0034383684396743774,200,Relation
201,0.0,0.0,0.0,0.0,incorrecto,incorrecto,incorrecto,incorrecto,-0.00749187171459198,201,Both
202,1.0,1.0,1.0,1.0,correcto,correcto,correcto,correcto,0.06613373756408691,202,Object
203,0.0,0.0,0.0,0.0,incorrecto,incorrecto,incorrecto,incorrecto,-0.0055630505084991455,203,Relation
204,0.0,0.0,0.0,1.0,incorrecto,incorrecto,incorrecto,correcto,0.007769525051116943,204,Relation
205,0.0,1.0,0.0,1.0,incorrecto,correcto,incorrecto,correcto,0.0594637393951416,205,Relation
206,0.0,0.0,0.0,1.0,incorrecto,incorrecto,incorrecto,correcto,0.0027479231357574463,206,Relation
207,0.0,0.0,0.0,0.0,incorrecto,incorrecto,incorrecto,incorrecto,-0.0015784204006195068,207,Relation
208,0.0,0.0,0.0,1.0,incorrecto,incorrecto,incorrecto,correcto,0.00500217080116272,208,Relation
209,0.0,0.0,0.0,0.0,incorrecto,incorrecto,incorrecto,incorrecto,-0.008960515260696411,209,Object
210,1.0,0.0,0.0,1.0,correcto,incorrecto,incorrecto,correcto,0.01732403039932251,210,Object
211,0.0,0.0,0.0,1.0,incorrecto,incorrecto,incorrecto,correcto,0.01838800311088562,211,Object
212,1.0,0.0,0.0,1.0,correcto,incorrecto,incorrecto,correcto,0.004446819424629211,212,Object
213,0.0,0.0,0.0,1.0,incorrecto,incorrecto,incorrecto,correcto,0.007584661245346069,213,Object
214,0.0,0.0,0.0,0.0,incorrecto,incorrecto,incorrecto,incorrecto,-0.00015319883823394775,214,Relation
215,0.0,0.0,0.0,1.0,incorrecto,incorrecto,incorrecto,correcto,0.002963423728942871,215,Relation
216,0.0,0.0,0.0,0.0,incorrecto,incorrecto,incorrecto,incorrecto,-0.0004332810640335083,216,Object
217,0.0,0.0,0.0,1.0,incorrecto,incorrecto,incorrecto,correcto,0.0015797913074493408,217,Object
218,1.0,0.0,0.0,1.0,correcto,incorrecto,incorrecto,correcto,0.012956082820892334,218,Object
219,1.0,0.0,0.0,1.0,correcto,incorrecto,incorrecto,correcto,0.008046761155128479,219,Object
220,1.0,0.0,0.0,1.0,correcto,incorrecto,incorrecto,correcto,0.019875571131706238,220,Object
221,0.0,0.0,0.0,0.0,incorrecto,incorrecto,incorrecto,incorrecto,-0.0021187663078308105,221,Object
222,0.0,0.0,0.0,1.0,incorrecto,incorrecto,incorrecto,correcto,0.033089958131313324,222,Both
223,0.0,0.0,0.0,0.0,incorrecto,incorrecto,incorrecto,incorrecto,-0.011048927903175354,223,Relation
224,1.0,1.0,1.0,1.0,correcto,correcto,correcto,correcto,0.17824582755565643,224,Both
225,0.0,1.0,0.0,1.0,incorrecto,correcto,incorrecto,correcto,0.006874024868011475,225,Relation
226,0.0,0.0,0.0,0.0,incorrecto,incorrecto,incorrecto,incorrecto,-0.005783155560493469,226,Object
227,0.0,0.0,0.0,1.0,incorrecto,incorrecto,incorrecto,correcto,0.0035447925329208374,227,Object
228,0.0,0.0,0.0,1.0,incorrecto,incorrecto,incorrecto,correcto,0.017556458711624146,228,Object
229,0.0,0.0,0.0,1.0,incorrecto,incorrecto,incorrecto,correcto,0.004070162773132324,229,Object
230,0.0,1.0,0.0,1.0,incorrecto,correcto,incorrecto,correcto,0.0036333054304122925,230,Relation
231,0.0,0.0,0.0,1.0,incorrecto,incorrecto,incorrecto,correcto,0.002745494246482849,231,Object
232,0.0,0.0,0.0,0.0,incorrecto,incorrecto,incorrecto,incorrecto,-0.020886987447738647,232,Relation
233,0.0,0.0,0.0,1.0,incorrecto,incorrecto,incorrecto,correcto,0.009127706289291382,233,Object
234,0.0,0.0,0.0,1.0,incorrecto,incorrecto,incorrecto,correcto,0.0041971355676651,234,Object
235,1.0,0.0,0.0,1.0,correcto,incorrecto,incorrecto,correcto,0.07847188413143158,235,Object
236,1.0,0.0,0.0,1.0,correcto,incorrecto,incorrecto,correcto,0.043356090784072876,236,Object
237,1.0,0.0,0.0,1.0,correcto,incorrecto,incorrecto,correcto,0.08578935265541077,237,Relation
238,0.0,0.0,0.0,1.0,incorrecto,incorrecto,incorrecto,correcto,0.003402337431907654,238,Relation
239,1.0,0.0,0.0,1.0,correcto,incorrecto,incorrecto,correcto,0.005396544933319092,239,Relation
240,0.0,0.0,0.0,1.0,incorrecto,incorrecto,incorrecto,correcto,0.006651580333709717,240,Relation
241,0.0,0.0,0.0,0.0,incorrecto,incorrecto,incorrecto,incorrecto,-0.000918850302696228,241,Relation
242,1.0,0.0,0.0,1.0,correcto,incorrecto,incorrecto,correcto,0.002191886305809021,242,Relation
243,0.0,0.0,0.0,0.0,incorrecto,incorrecto,incorrecto,incorrecto,-0.007199779152870178,243,Object
244,1.0,0.0,0.0,1.0,correcto,incorrecto,incorrecto,correcto,0.005043536424636841,244,Relation
245,1.0,0.0,0.0,1.0,correcto,incorrecto,incorrecto,correcto,0.04527457058429718,245,Object
246,0.0,0.0,0.0,1.0,incorrecto,incorrecto,incorrecto,correcto,0.03624437749385834,246,Object
247,1.0,1.0,1.0,1.0,correcto,correcto,correcto,correcto,0.06389957666397095,247,Object
248,0.0,0.0,0.0,1.0,incorrecto,incorrecto,incorrecto,correcto,0.0030094683170318604,248,Relation
249,0.0,0.0,0.0,1.0,incorrecto,incorrecto,incorrecto,correcto,0.001673385500907898,249,Object
250,1.0,1.0,1.0,1.0,correcto,correcto,correcto,correcto,0.028762325644493103,250,Object
251,1.0,0.0,0.0,1.0,correcto,incorrecto,incorrecto,correcto,0.022458761930465698,251,Object
252,1.0,0.0,0.0,1.0,correcto,incorrecto,incorrecto,correcto,0.05125391483306885,252,Relation
253,1.0,0.0,0.0,1.0,correcto,incorrecto,incorrecto,correcto,0.007006645202636719,253,Relation
254,0.0,0.0,0.0,0.0,incorrecto,incorrecto,incorrecto,incorrecto,-0.0009386986494064331,254,Relation
255,0.0,0.0,0.0,0.0,incorrecto,incorrecto,incorrecto,incorrecto,-0.005218923091888428,255,Object
256,0.0,0.0,0.0,1.0,incorrecto,incorrecto,incorrecto,correcto,0.011182695627212524,256,Object
257,1.0,1.0,1.0,1.0,correcto,correcto,correcto,correcto,0.006509572267532349,257,Object
258,0.0,0.0,0.0,0.0,incorrecto,incorrecto,incorrecto,incorrecto,-0.011817097663879395,258,Relation
259,1.0,0.0,0.0,1.0,correcto,incorrecto,incorrecto,correcto,0.0028612911701202393,259,Relation
260,1.0,0.0,0.0,1.0,correcto,incorrecto,incorrecto,correcto,0.01825156807899475,260,Relation
261,0.0,1.0,0.0,1.0,incorrecto,correcto,incorrecto,correcto,0.026527628302574158,261,Relation
262,0.0,0.0,0.0,1.0,incorrecto,incorrecto,incorrecto,correcto,0.007660865783691406,262,Both
263,0.0,0.0,0.0,1.0,incorrecto,incorrecto,incorrecto,correcto,0.03710431605577469,263,Relation
264,0.0,0.0,0.0,0.0,incorrecto,incorrecto,incorrecto,incorrecto,-0.0002485215663909912,264,Object
265,0.0,0.0,0.0,1.0,incorrecto,incorrecto,incorrecto,correcto,0.011790305376052856,265,Object
266,0.0,0.0,0.0,0.0,incorrecto,incorrecto,incorrecto,incorrecto,-0.001114681363105774,266,Relation
267,0.0,0.0,0.0,1.0,incorrecto,incorrecto,incorrecto,correcto,0.0015216991305351257,267,Relation
268,0.0,0.0,0.0,0.0,incorrecto,incorrecto,incorrecto,incorrecto,-0.004692345857620239,268,Relation
269,1.0,1.0,1.0,1.0,correcto,correcto,correcto,correcto,0.04873646795749664,269,Relation
270,0.0,0.0,0.0,0.0,incorrecto,incorrecto,incorrecto,incorrecto,-0.00703197717666626,270,Relation
271,1.0,0.0,0.0,1.0,correcto,incorrecto,incorrecto,correcto,0.02302706241607666,271,Relation
272,1.0,0.0,0.0,1.0,correcto,incorrecto,incorrecto,correcto,0.005584403872489929,272,Object
273,1.0,0.0,0.0,1.0,correcto,incorrecto,incorrecto,correcto,0.03175660967826843,273,Relation
274,0.0,0.0,0.0,0.0,incorrecto,incorrecto,incorrecto,incorrecto,-0.029993683099746704,274,Object
275,0.0,0.0,0.0,0.0,incorrecto,incorrecto,incorrecto,incorrecto,-0.020878717303276062,275,Object
276,0.0,0.0,0.0,0.0,incorrecto,incorrecto,incorrecto,incorrecto,-0.009540081024169922,276,Relation
277,0.0,0.0,0.0,0.0,incorrecto,incorrecto,incorrecto,incorrecto,-0.0003952533006668091,277,Relation
278,0.0,0.0,0.0,1.0,incorrecto,incorrecto,incorrecto,correcto,0.0012816637754440308,278,Relation
279,1.0,0.0,0.0,1.0,correcto,incorrecto,incorrecto,correcto,0.007333844900131226,279,Relation
280,0.0,0.0,0.0,1.0,incorrecto,incorrecto,incorrecto,correcto,0.017517417669296265,280,Relation
281,0.0,0.0,0.0,0.0,incorrecto,incorrecto,incorrecto,incorrecto,-0.009126856923103333,281,Relation
282,0.0,0.0,0.0,1.0,incorrecto,incorrecto,incorrecto,correcto,0.0019497573375701904,282,Relation
283,0.0,1.0,0.0,1.0,incorrecto,correcto,incorrecto,correcto,0.00719858705997467,283,Relation
284,1.0,0.0,0.0,1.0,correcto,incorrecto,incorrecto,correcto,0.01312875747680664,284,Relation
285,0.0,0.0,0.0,0.0,incorrecto,incorrecto,incorrecto,incorrecto,-0.0027565807104110718,285,Object
286,0.0,0.0,0.0,0.0,incorrecto,incorrecto,incorrecto,incorrecto,-0.013424932956695557,286,Object
287,1.0,0.0,0.0,1.0,correcto,incorrecto,incorrecto,correcto,0.016528531908988953,287,Relation
288,0.0,0.0,0.0,1.0,incorrecto,incorrecto,incorrecto,correcto,9.554624557495117e-05,288,Relation
289,0.0,0.0,0.0,0.0,incorrecto,incorrecto,incorrecto,incorrecto,-0.0027463138103485107,289,Object
290,0.0,0.0,0.0,1.0,incorrecto,incorrecto,incorrecto,correcto,0.004311561584472656,290,Object
291,0.0,0.0,0.0,1.0,incorrecto,incorrecto,incorrecto,correcto,0.009773284196853638,291,Relation
292,0.0,0.0,0.0,1.0,incorrecto,incorrecto,incorrecto,correcto,0.0031415820121765137,292,Relation
293,0.0,0.0,0.0,1.0,incorrecto,incorrecto,incorrecto,correcto,0.01005333662033081,293,Object
294,0.0,0.0,0.0,1.0,incorrecto,incorrecto,incorrecto,correcto,0.0013236403465270996,294,Relation
295,0.0,0.0,0.0,1.0,incorrecto,incorrecto,incorrecto,correcto,0.007049486041069031,295,Relation
296,1.0,0.0,0.0,1.0,correcto,incorrecto,incorrecto,correcto,0.0070923566818237305,296,Object
297,0.0,0.0,0.0,1.0,incorrecto,incorrecto,incorrecto,correcto,0.003440871834754944,297,Relation
298,0.0,0.0,0.0,1.0,incorrecto,incorrecto,incorrecto,correcto,0.003237813711166382,298,Relation
299,0.0,0.0,0.0,0.0,incorrecto,incorrecto,incorrecto,incorrecto,-0.006870463490486145,299,Relation
300,0.0,0.0,0.0,1.0,incorrecto,incorrecto,incorrecto,correcto,0.0015220046043395996,300,Relation
301,0.0,0.0,0.0,0.0,incorrecto,incorrecto,incorrecto,incorrecto,-0.011262744665145874,301,Object
302,0.0,0.0,0.0,1.0,incorrecto,incorrecto,incorrecto,correcto,0.0043634772300720215,302,Object
303,1.0,1.0,1.0,1.0,correcto,correcto,correcto,correcto,0.06181521713733673,303,Relation
304,0.0,0.0,0.0,1.0,incorrecto,incorrecto,incorrecto,correcto,0.0021798163652420044,304,Relation
305,1.0,0.0,0.0,1.0,correcto,incorrecto,incorrecto,correcto,0.022048532962799072,305,Both
306,0.0,0.0,0.0,1.0,incorrecto,incorrecto,incorrecto,correcto,0.022410184144973755,306,Object
307,0.0,0.0,0.0,1.0,incorrecto,incorrecto,incorrecto,correcto,0.007262751460075378,307,Both
308,0.0,0.0,0.0,1.0,incorrecto,incorrecto,incorrecto,correcto,0.0038609951734542847,308,Relation
309,0.0,0.0,0.0,0.0,incorrecto,incorrecto,incorrecto,incorrecto,-0.012813150882720947,309,Object
310,0.0,0.0,0.0,0.0,incorrecto,incorrecto,incorrecto,incorrecto,-0.008636698126792908,310,Object
311,1.0,1.0,1.0,1.0,correcto,correcto,correcto,correcto,0.06396786868572235,311,Relation
312,0.0,0.0,0.0,1.0,incorrecto,incorrecto,incorrecto,correcto,0.0025613605976104736,312,Relation
313,0.0,0.0,0.0,0.0,incorrecto,incorrecto,incorrecto,incorrecto,-0.005090475082397461,313,Object
314,0.0,0.0,0.0,1.0,incorrecto,incorrecto,incorrecto,correcto,0.003271818161010742,314,Relation
315,0.0,0.0,0.0,0.0,incorrecto,incorrecto,incorrecto,incorrecto,-0.004376709461212158,315,Object
316,0.0,0.0,0.0,1.0,incorrecto,incorrecto,incorrecto,correcto,0.0012798011302947998,316,Relation
317,0.0,0.0,0.0,0.0,incorrecto,incorrecto,incorrecto,incorrecto,-0.012365847826004028,317,Relation
318,1.0,1.0,1.0,1.0,correcto,correcto,correcto,correcto,0.10895895957946777,318,Relation
319,0.0,0.0,0.0,0.0,incorrecto,incorrecto,incorrecto,incorrecto,-0.033577606081962585,319,Object
320,1.0,0.0,0.0,1.0,correcto,incorrecto,incorrecto,correcto,0.008174866437911987,320,Object
321,0.0,0.0,0.0,0.0,incorrecto,incorrecto,incorrecto,incorrecto,-0.01767033338546753,321,Both
322,1.0,0.0,0.0,1.0,correcto,incorrecto,incorrecto,correcto,0.05128827691078186,322,Object
323,0.0,0.0,0.0,0.0,incorrecto,incorrecto,incorrecto,incorrecto,-0.007314115762710571,323,Object
324,1.0,0.0,0.0,1.0,correcto,incorrecto,incorrecto,correcto,0.027904793620109558,324,Object
325,1.0,1.0,1.0,1.0,correcto,correcto,correcto,correcto,0.024784773588180542,325,Both
326,1.0,0.0,0.0,1.0,correcto,incorrecto,incorrecto,correcto,0.025908559560775757,326,Relation
327,1.0,1.0,1.0,1.0,correcto,correcto,correcto,correcto,0.11835308372974396,327,Both
328,0.0,1.0,0.0,1.0,incorrecto,correcto,incorrecto,correcto,0.003998622298240662,328,Relation
329,1.0,0.0,0.0,1.0,correcto,incorrecto,incorrecto,correcto,0.006607860326766968,329,Relation
330,0.0,0.0,0.0,0.0,incorrecto,incorrecto,incorrecto,incorrecto,-0.00879719853401184,330,Relation
331,0.0,0.0,0.0,1.0,incorrecto,incorrecto,incorrecto,correcto,0.006871148943901062,331,Relation
332,1.0,0.0,0.0,1.0,correcto,incorrecto,incorrecto,correcto,0.0562153160572052,332,Object
333,0.0,0.0,0.0,1.0,incorrecto,incorrecto,incorrecto,correcto,0.0435020849108696,333,Both
334,1.0,0.0,0.0,1.0,correcto,incorrecto,incorrecto,correcto,0.0422946959733963,334,Both
335,1.0,0.0,0.0,1.0,correcto,incorrecto,incorrecto,correcto,0.001671522855758667,335,Relation
336,0.0,0.0,0.0,0.0,incorrecto,incorrecto,incorrecto,incorrecto,-0.0005882382392883301,336,Relation
337,1.0,0.0,0.0,1.0,correcto,incorrecto,incorrecto,correcto,0.02291962504386902,337,Both
338,0.0,0.0,0.0,1.0,incorrecto,incorrecto,incorrecto,correcto,0.00019851326942443848,338,Relation
339,1.0,0.0,0.0,1.0,correcto,incorrecto,incorrecto,correcto,0.02094206213951111,339,Object
340,1.0,0.0,0.0,1.0,correcto,incorrecto,incorrecto,correcto,0.0048434436321258545,340,Relation
341,1.0,0.0,0.0,1.0,correcto,incorrecto,incorrecto,correcto,0.005737528204917908,341,Relation
342,0.0,0.0,0.0,0.0,incorrecto,incorrecto,incorrecto,incorrecto,-0.01146969199180603,342,Both
343,1.0,0.0,0.0,1.0,correcto,incorrecto,incorrecto,correcto,0.013600826263427734,343,Relation
344,0.0,0.0,0.0,1.0,incorrecto,incorrecto,incorrecto,correcto,0.006200194358825684,344,Object
345,0.0,0.0,0.0,0.0,incorrecto,incorrecto,incorrecto,incorrecto,-0.0019914209842681885,345,Relation
346,0.0,0.0,0.0,1.0,incorrecto,incorrecto,incorrecto,correcto,0.016035422682762146,346,Relation
347,0.0,0.0,0.0,1.0,incorrecto,incorrecto,incorrecto,correcto,0.005743652582168579,347,Relation
348,0.0,0.0,0.0,0.0,incorrecto,incorrecto,incorrecto,incorrecto,-0.017943531274795532,348,Relation
349,0.0,0.0,0.0,1.0,incorrecto,incorrecto,incorrecto,correcto,0.006279543042182922,349,Object
350,0.0,0.0,0.0,0.0,incorrecto,incorrecto,incorrecto,incorrecto,-0.019847601652145386,350,Both
351,0.0,0.0,0.0,0.0,incorrecto,incorrecto,incorrecto,incorrecto,-0.0006893128156661987,351,Both
352,0.0,0.0,0.0,1.0,incorrecto,incorrecto,incorrecto,correcto,0.005183473229408264,352,Object
353,1.0,0.0,0.0,1.0,correcto,incorrecto,incorrecto,correcto,0.0014088153839111328,353,Relation
354,0.0,0.0,0.0,0.0,incorrecto,incorrecto,incorrecto,incorrecto,-0.01153564453125,354,Object
355,0.0,0.0,0.0,1.0,incorrecto,incorrecto,incorrecto,correcto,0.0016216933727264404,355,Relation
356,0.0,0.0,0.0,0.0,incorrecto,incorrecto,incorrecto,incorrecto,-0.005818843841552734,356,Relation
357,0.0,0.0,0.0,0.0,incorrecto,incorrecto,incorrecto,incorrecto,-0.00318184494972229,357,Relation
358,0.0,0.0,0.0,1.0,incorrecto,incorrecto,incorrecto,correcto,0.005896389484405518,358,Relation
359,1.0,0.0,0.0,1.0,correcto,incorrecto,incorrecto,correcto,0.02421054244041443,359,Relation
360,1.0,0.0,0.0,1.0,correcto,incorrecto,incorrecto,correcto,0.013072878122329712,360,Object
361,0.0,0.0,0.0,1.0,incorrecto,incorrecto,incorrecto,correcto,0.005482584238052368,361,Object
362,0.0,0.0,0.0,0.0,incorrecto,incorrecto,incorrecto,incorrecto,-0.023620396852493286,362,Object
363,1.0,0.0,0.0,1.0,correcto,incorrecto,incorrecto,correcto,0.029388755559921265,363,Object
364,1.0,1.0,1.0,1.0,correcto,correcto,correcto,correcto,0.40325632505118847,364,Both
365,1.0,0.0,0.0,1.0,correcto,incorrecto,incorrecto,correcto,0.052618443965911865,365,Object
366,0.0,0.0,0.0,1.0,incorrecto,incorrecto,incorrecto,correcto,0.0224018394947052,366,Relation
367,0.0,0.0,0.0,0.0,incorrecto,incorrecto,incorrecto,incorrecto,-0.005234614014625549,367,Object
368,1.0,0.0,0.0,1.0,correcto,incorrecto,incorrecto,correcto,0.0013159215450286865,368,Object
369,0.0,0.0,0.0,1.0,incorrecto,incorrecto,incorrecto,correcto,0.003229081630706787,369,Object
370,0.0,0.0,0.0,1.0,incorrecto,incorrecto,incorrecto,correcto,0.0050508081912994385,370,Relation
371,1.0,0.0,0.0,1.0,correcto,incorrecto,incorrecto,correcto,0.029754608869552612,371,Object
372,1.0,0.0,0.0,1.0,correcto,incorrecto,incorrecto,correcto,0.009251773357391357,372,Object
373,1.0,1.0,1.0,1.0,correcto,correcto,correcto,correcto,0.05288738012313843,373,Object
374,0.0,0.0,0.0,0.0,incorrecto,incorrecto,incorrecto,incorrecto,-0.008054524660110474,374,Relation
375,0.0,0.0,0.0,1.0,incorrecto,incorrecto,incorrecto,correcto,0.0017995834350585938,375,Relation
376,1.0,0.0,0.0,1.0,correcto,incorrecto,incorrecto,correcto,0.023130670189857483,376,Both
377,1.0,0.0,0.0,1.0,correcto,incorrecto,incorrecto,correcto,0.00515514612197876,377,Relation
378,0.0,0.0,0.0,1.0,incorrecto,incorrecto,incorrecto,correcto,0.0012622326612472534,378,Object
379,0.0,0.0,0.0,0.0,incorrecto,incorrecto,incorrecto,incorrecto,-0.00519503653049469,379,Object
380,0.0,0.0,0.0,0.0,incorrecto,incorrecto,incorrecto,incorrecto,-0.055567800998687744,380,Relation
381,1.0,0.0,0.0,1.0,correcto,incorrecto,incorrecto,correcto,0.01067940890789032,381,Relation
382,1.0,0.0,0.0,1.0,correcto,incorrecto,incorrecto,correcto,0.02588917315006256,382,Relation
383,0.0,0.0,0.0,0.0,incorrecto,incorrecto,incorrecto,incorrecto,-0.005594223737716675,383,Relation
384,1.0,0.0,0.0,1.0,correcto,incorrecto,incorrecto,correcto,0.052183374762535095,384,Object
385,0.0,0.0,0.0,0.0,incorrecto,incorrecto,incorrecto,incorrecto,-0.0017756223678588867,385,Relation
386,0.0,0.0,0.0,1.0,incorrecto,incorrecto,incorrecto,correcto,0.000692710280418396,386,Relation
387,1.0,0.0,0.0,1.0,correcto,incorrecto,incorrecto,correcto,0.007931292057037354,387,Relation
388,0.0,0.0,0.0,1.0,incorrecto,incorrecto,incorrecto,correcto,0.007238864898681641,388,Relation
389,1.0,1.0,1.0,1.0,correcto,correcto,correcto,correcto,0.12241876125335693,389,Object
390,1.0,0.0,0.0,1.0,correcto,incorrecto,incorrecto,correcto,0.03929400444030762,390,Relation
391,0.0,0.0,0.0,1.0,incorrecto,incorrecto,incorrecto,correcto,0.01423896849155426,391,Relation
392,1.0,1.0,1.0,1.0,correcto,correcto,correcto,correcto,0.09072481095790863,392,Relation
393,0.0,0.0,0.0,1.0,incorrecto,incorrecto,incorrecto,correcto,0.010669231414794922,393,Object
394,0.0,0.0,0.0,0.0,incorrecto,incorrecto,incorrecto,incorrecto,-0.024578765034675598,394,Relation
395,0.0,0.0,0.0,1.0,incorrecto,incorrecto,incorrecto,correcto,0.0007838606834411621,395,Object
396,0.0,0.0,0.0,1.0,incorrecto,incorrecto,incorrecto,correcto,0.0013420581817626953,396,Relation
397,1.0,0.0,0.0,1.0,correcto,incorrecto,incorrecto,correcto,0.0015512853860855103,397,Relation
398,0.0,0.0,0.0,1.0,incorrecto,incorrecto,incorrecto,correcto,0.0034986883401870728,398,Relation
399,0.0,0.0,0.0,0.0,incorrecto,incorrecto,incorrecto,incorrecto,-0.005671650171279907,399,Relation
